month,Demand
1,6.864549340366618
2,6.560330902284072
3,5.389433136479955
4,5.4788944771963655
5,4.5139481630331675
6,4.309376542610108
7,7.490005411479988
8,6.426117203199573
9,6.802885943467083
10,5.481357661512867
11,3.810766361230488
12,6.835956692936429
