month,Demand
1,232.95370050866572
2,260.96275344969393
3,296.583803200655
4,223.73024764608243
5,238.123320219857
6,258.1374336442673
7,304.10559458569907
8,247.853874515345
9,279.7018463489197
10,256.3265878023114
11,257.3253113325005
12,255.48284128180256
