month,Demand
1,559.7423112649284
2,478.49155397663617
3,506.9041023207539
4,646.9149974695229
5,598.2113047105415
6,516.3487387599273
7,743.7665402472915
8,697.2693346270258
9,426.4889064223742
10,644.0180992706751
11,483.47887359074156
12,783.5082771638456
