,Location 1,Location 2,Distance in km
0,r1,r2,4.077287644623908
1,r1,r3,7.349576422010255
2,r1,r4,9.116757718391243
3,r1,r5,11.531980791564202
4,r2,r3,6.115096210476214
5,r2,r4,5.765375180630932
6,r2,r5,9.116075855835657
7,r3,r4,4.559405600033883
8,r3,r5,4.5595729719778175
9,r4,r5,4.076939981272112
