Chem,Loc,Mon,Inv
Cl2,r1,1,0.0
Cl2,r1,2,2.1049828546892968e-13
H2,r1,1,0.19248277540150555
H2,r1,2,0.9394923147660892
O2,r1,1,48.26555820946187
O2,r1,2,1.1102230246251565e-14
Nacl,r1,1,724.822549179314
Nacl,r1,2,1.687538997430238e-13
NaOH,r1,1,290.553200907283
NaOH,r1,2,525.6029180163583
Water,r1,1,0.0
Water,r1,2,3.175237850427948e-14
